{"stats":{"minecraft:picked_up":{"minecraft:sugar_cane":4},"minecraft:custom":{"minecraft:jump":421,"minecraft:time_since_rest":16793,"minecraft:damage_taken":790,"minecraft:leave_game":1,"minecraft:time_since_death":16793,"minecraft:play_time":16793,"minecraft:sprint_one_cm":21233,"minecraft:walk_on_water_one_cm":3448,"minecraft:walk_one_cm":41823,"minecraft:total_world_time":16793,"minecraft:climb_one_cm":12748,"minecraft:walk_under_water_one_cm":636,"minecraft:fall_one_cm":13917,"minecraft:fly_one_cm":58843},"minecraft:used":{"minecraft:sugar_cane":4},"minecraft:mined":{"minecraft:jungle_leaves":2,"minecraft:sugar_cane":1}},"DataVersion":3465}