{"stats":{"minecraft:picked_up":{"minecraft:sugar_cane":4},"minecraft:custom":{"minecraft:jump":122,"minecraft:time_since_rest":5619,"minecraft:walk_on_water_one_cm":1069,"minecraft:sprint_one_cm":6061,"minecraft:play_time":5619,"minecraft:damage_taken":60,"minecraft:time_since_death":5619,"minecraft:walk_one_cm":13959,"minecraft:climb_one_cm":2130,"minecraft:total_world_time":5619,"minecraft:fall_one_cm":2859,"minecraft:fly_one_cm":10896},"minecraft:used":{"minecraft:sugar_cane":4},"minecraft:mined":{"minecraft:sugar_cane":1}},"DataVersion":3465}